<?xml version="1.0" encoding="UTF-8"?>
    <addon id="repository.threshold84" name="Threshold84 Addon Repository" version="1.0.0" provider-name="Threshold84">
        <extension point="xbmc.addon.repository" name="Threshold84 Addon Repository">
            <info compressed="false">http://raw.githubusercontent.com/Threshold84/repo.threshold84/_zips/addons.xml</info>
            <checksum>http://raw.githubusercontent.com/Threshold84/repo.threshold84/_zips/addons.xml.md5</checksum>
            <datadir zip="true">http://raw.githubusercontent.com/Threshold84/repo.threshold84/_zips/</datadir>
            <hashes>false</hashes>
        </extension>
        <extension point="xbmc.addon.metadata">
            <summary>Repository for various add-ons</summary>
            <description></description>
            <platform>all</platform>
    </extension>
</addon>