<?xml version="1.0" encoding="UTF-8" standalone="yes"?>
<addon id="plugin.video.diasporatv" name="Diaspora TV" version="1.1.0" provider-name="Threshold84">
    <requires>
        <import addon="xbmc.python" version="2.24.0"/>
        <import addon="script.module.six" version="1.11.0"/>
        <import addon="script.module.kodi-six" version="0.0.2"/>
        <import addon="plugin.video.youtube" version="6.8.4"/>
        <import addon="script.module.simpleplugin3" version="3.0.2"/>
    </requires>
    <extension point="xbmc.python.pluginsource" library="pluginsource.py">
        <provides>video</provides>
    </extension>
    <extension point="xbmc.addon.metadata">
        <platform>all</platform>
        <reuselanguageinvoker>true</reuselanguageinvoker>
        <summary lang="en">Diaspora TV addon</summary>
        <description lang="en">Diaspora TV addon</description>
        <summary lang="el">Πρόσθετο Διασπορά ΤΒ</summary>
        <description lang="el">Πρόσθετο Διασπορά ΤΒ</description>
        <license>GNU GPL, version 2 or later</license>
        <language>en el</language>
        <website/>
        <email>threshold84@protonmail.com</email>
        <source>https://github.com/threshold84/repo.threshold84/tree/master/plugin.video.diasporatv</source>
        <assets>
            <icon>icon.png</icon>
            <fanart>fanart.jpg</fanart>
            <!--<screenshot>resources/screenshot-01.jpg</screenshot>-->
            <!--<screenshot>resources/screenshot-02.jpg</screenshot>-->
            <!--<screenshot>resources/screenshot-03.jpg</screenshot>-->
            <!--<screenshot>resources/screenshot-04.jpg</screenshot>-->
        </assets>
    </extension>
    <news>[B]1.1.0[/B] - 06-10-2020[/B]
- Replaced internal simpleplugin with simpleplugin3 from upstream
- Updated youtube API keys and its function

[B]1.0.0[/B] - 12-02-2019[/B]
- Initial Version</news>
</addon>
