<?xml version="1.0" encoding="UTF-8" standalone="yes"?>
<addon id="plugin.video.n0v4" name="N0v4" version="3" provider-name="N0v4">
  <requires>
    <import addon="xbmc.python" version="2.26.0"/>
    <import addon="script.module.tulip" version="2.6.17"/>
    <import addon="script.module.futures" version="2.2.0"/>
  </requires>
  <extension point="xbmc.python.pluginsource" library="addon.py">
    <provides>video</provides>
  </extension>
  <extension point="xbmc.addon.metadata">
    <reuselanguageinvoker>false</reuselanguageinvoker>
    <summary lang="en_GB">N0v4</summary>
    <description lang="en_GB">N0v4</description>
  </extension>
</addon>
