<?xml version="1.0" encoding="UTF-8"?>
    <addon id="repository.threshold84" name="Threshold84 Addon Repository" version="1.2" provider-name="Threshold84">
        <extension point="xbmc.addon.repository" name="Threshold84 Addon Repository">
            <info compressed="false">https://raw.githubusercontent.com/Threshold84/repo.threshold84/master/_zips/addons.xml</info>
            <checksum>https://raw.githubusercontent.com/Threshold84/repo.threshold84/master/_zips/addons.xml.md5</checksum>
            <datadir zip="true">https://raw.githubusercontent.com/Threshold84/repo.threshold84/master/_zips/</datadir>
            <hashes>false</hashes>
            <dir>
                <info compressed="false">https://raw.githubusercontent.com/Twilight0/repo.twilight0.libs/master/_zips/addons.xml</info>
                <checksum>https://raw.githubusercontent.com/Twilight0/repo.twilight0.libs/master/_zips/addons.xml.md5</checksum>
                <datadir zip="true">https://raw.githubusercontent.com/Twilight0/repo.twilight0.libs/master/_zips/</datadir>
            </dir>
        </extension>
        <extension point="xbmc.addon.metadata">
            <summary>Repository for various add-ons</summary>
            <description></description>
            <platform>all</platform>
    </extension>
</addon>
